{"cameraMode":{"drawMode":0,"name":"Shaded","section":"Shading Mode"},"sceneLighting":true,"audioPlay":false,"sceneViewState":{"m_AlwaysRefresh":false,"showFog":true,"showSkybox":true,"showFlares":true,"showImageEffects":true,"showParticleSystems":true,"showVisualEffectGraphs":true,"m_FxEnabled":true},"in2DMode":false,"pivot":{"x":1.9682848453521729,"y":-1.5903387069702149,"z":2.2705678939819338},"rotation":{"x":-0.18428733944892884,"y":0.09917859733104706,"z":-0.018694669008255006,"w":-0.9776766300201416},"size":13.402189254760743,"orthographic":false}