{"cameraMode":{"drawMode":0,"name":"Shaded","section":"Shading Mode"},"sceneLighting":false,"audioPlay":false,"sceneViewState":{"m_AlwaysRefresh":false,"showFog":true,"showSkybox":false,"showFlares":true,"showImageEffects":true,"showParticleSystems":true,"showVisualEffectGraphs":true,"m_FxEnabled":true},"in2DMode":false,"pivot":{"x":1.5700000524520875,"y":1.3600000143051148,"z":1.4500000476837159},"rotation":{"x":0.11670193076133728,"y":-0.3453557789325714,"z":0.043328993022441867,"w":0.9301791787147522},"size":4.049400806427002,"orthographic":false}