{"cameraMode":{"drawMode":0,"name":"Shaded","section":"Shading Mode"},"sceneLighting":true,"audioPlay":false,"sceneViewState":{"m_AlwaysRefresh":false,"showFog":true,"showSkybox":true,"showFlares":true,"showImageEffects":true,"showParticleSystems":true,"showVisualEffectGraphs":true,"m_FxEnabled":true},"in2DMode":false,"pivot":{"x":-2.6641125679016115,"y":-0.45552968978881838,"z":0.35211634635925295},"rotation":{"x":-0.07661238312721253,"y":0.8113546967506409,"z":-0.10921983420848847,"w":-0.5691253542900086},"size":11.569357872009278,"orthographic":false}