{"cameraMode":{"drawMode":0,"name":"Shaded","section":"Shading Mode"},"sceneLighting":true,"audioPlay":false,"sceneViewState":{"m_AlwaysRefresh":false,"showFog":true,"showSkybox":true,"showFlares":true,"showImageEffects":true,"showParticleSystems":true,"showVisualEffectGraphs":true,"m_FxEnabled":true},"in2DMode":false,"pivot":{"x":7.7339982986450199,"y":2.9463300704956056,"z":20.018428802490236},"rotation":{"x":-0.018290536478161813,"y":-0.042882487177848819,"z":0.0007821188773959875,"w":-0.9989089965820313},"size":17.730493545532228,"orthographic":false}