{"cameraMode":{"drawMode":0,"name":"Shaded","section":"Shading Mode"},"sceneLighting":true,"audioPlay":false,"sceneViewState":{"m_AlwaysRefresh":false,"showFog":true,"showSkybox":true,"showFlares":true,"showImageEffects":true,"showParticleSystems":true,"showVisualEffectGraphs":true,"m_FxEnabled":true},"in2DMode":false,"pivot":{"x":-22.122989654541017,"y":-0.5380884408950806,"z":2.077913522720337},"rotation":{"x":-0.06014436483383179,"y":0.6840976476669312,"z":-0.056781888008117679,"w":-0.7246863842010498},"size":17.02449607849121,"orthographic":false}