{"cameraMode":{"drawMode":0,"name":"Shaded","section":"Shading Mode"},"sceneLighting":true,"audioPlay":false,"sceneViewState":{"m_AlwaysRefresh":false,"showFog":true,"showSkybox":true,"showFlares":true,"showImageEffects":true,"showParticleSystems":true,"showVisualEffectGraphs":true,"m_FxEnabled":true},"in2DMode":false,"pivot":{"x":2.4062654972076418,"y":0.4682020843029022,"z":-2.6409645080566408},"rotation":{"x":0.0036116130650043489,"y":-0.5071693658828735,"z":-0.0021281722001731397,"w":-0.8618370890617371},"size":3.01629376411438,"orthographic":false}