{"cameraMode":{"drawMode":0,"name":"Shaded","section":"Shading Mode"},"sceneLighting":true,"audioPlay":false,"sceneViewState":{"m_AlwaysRefresh":false,"showFog":true,"showSkybox":true,"showFlares":true,"showImageEffects":true,"showParticleSystems":true,"showVisualEffectGraphs":true,"m_FxEnabled":true},"in2DMode":false,"pivot":{"x":2.191380023956299,"y":0.31955862045288088,"z":-8.752704620361329},"rotation":{"x":0.0005337506881915033,"y":-0.996673583984375,"z":0.08121687173843384,"w":0.006584749557077885},"size":10.350486755371094,"orthographic":false}