{"cameraMode":{"drawMode":0,"name":"Shaded","section":"Shading Mode"},"sceneLighting":true,"audioPlay":false,"sceneViewState":{"m_AlwaysRefresh":false,"showFog":true,"showSkybox":true,"showFlares":true,"showImageEffects":true,"showParticleSystems":true,"showVisualEffectGraphs":true,"m_FxEnabled":true},"in2DMode":false,"pivot":{"x":0.31885844469070437,"y":2.4247887134552,"z":3.889432907104492},"rotation":{"x":0.0817851796746254,"y":0.02242291159927845,"z":-0.0018405012087896467,"w":0.9963961243629456},"size":10.371123313903809,"orthographic":false}