{"cameraMode":{"drawMode":0,"name":"Shaded","section":"Shading Mode"},"sceneLighting":false,"audioPlay":false,"sceneViewState":{"m_AlwaysRefresh":false,"showFog":true,"showSkybox":false,"showFlares":true,"showImageEffects":true,"showParticleSystems":true,"showVisualEffectGraphs":true,"m_FxEnabled":true},"in2DMode":false,"pivot":{"x":-1.498767614364624,"y":-6.733458518981934,"z":-1.9893527030944825},"rotation":{"x":-0.09735185652971268,"y":0.0781402736902237,"z":-0.0076676723547279839,"w":-0.9921451210975647},"size":1.9443104267120362,"orthographic":false}